-- phpMyAdmin SQL Dump
-- version 4.2.7.1
-- http://www.phpmyadmin.net
--
-- Host: 127.0.0.1
-- Generation Time: May 28, 2015 at 06:04 AM
-- Server version: 5.6.16
-- PHP Version: 5.5.15

SET SQL_MODE = "NO_AUTO_VALUE_ON_ZERO";
SET time_zone = "+00:00";


/*!40101 SET @OLD_CHARACTER_SET_CLIENT=@@CHARACTER_SET_CLIENT */;
/*!40101 SET @OLD_CHARACTER_SET_RESULTS=@@CHARACTER_SET_RESULTS */;
/*!40101 SET @OLD_COLLATION_CONNECTION=@@COLLATION_CONNECTION */;
/*!40101 SET NAMES utf8 */;

--
-- Database: `db_gdc`
--

-- --------------------------------------------------------

--
-- Table structure for table `admin`
--

CREATE TABLE IF NOT EXISTS `admin` (
`id_admin` int(11) NOT NULL,
  `nama_admin` varchar(30) NOT NULL,
  `username` varchar(30) NOT NULL,
  `password` varchar(50) NOT NULL
) ENGINE=InnoDB  DEFAULT CHARSET=latin1 AUTO_INCREMENT=2 ;

--
-- Dumping data for table `admin`
--

INSERT INTO `admin` (`id_admin`, `nama_admin`, `username`, `password`) VALUES
(1, 'Fitria', 'admin', '81dc9bdb52d04dc20036dbd8313ed055');

-- --------------------------------------------------------

--
-- Table structure for table `alternatif`
--

CREATE TABLE IF NOT EXISTS `alternatif` (
`id_alternatif` int(11) NOT NULL,
  `nama_alternatif` varchar(200) NOT NULL,
  `deskripsi` text NOT NULL
) ENGINE=InnoDB  DEFAULT CHARSET=latin1 AUTO_INCREMENT=7 ;

--
-- Dumping data for table `alternatif`
--

INSERT INTO `alternatif` (`id_alternatif`, `nama_alternatif`, `deskripsi`) VALUES
(1, 'Acacia', 'Rumah cluster tipe 1'),
(3, 'Alamanda', 'Rumah cluster   tipe 2'),
(4, 'Anggrek 2', 'Rumah cluster tipe 3'),
(5, 'Anggrek 3', 'Rumah cluster tipe 4'),
(6, 'Jasmine', 'Rumah cluster tipe 5');

-- --------------------------------------------------------

--
-- Table structure for table `alternatif_kriteria`
--

CREATE TABLE IF NOT EXISTS `alternatif_kriteria` (
`id_alternatif_kriteria` int(11) NOT NULL,
  `id_alternatif` int(11) DEFAULT NULL,
  `id_kriteria` int(11) DEFAULT NULL,
  `nilai` double DEFAULT NULL
) ENGINE=MyISAM  DEFAULT CHARSET=latin1 AUTO_INCREMENT=79 ;

--
-- Dumping data for table `alternatif_kriteria`
--

INSERT INTO `alternatif_kriteria` (`id_alternatif_kriteria`, `id_alternatif`, `id_kriteria`, `nilai`) VALUES
(52, 4, 4, 5),
(51, 4, 3, 5),
(50, 4, 2, 5),
(49, 4, 1, 5),
(48, 3, 10, 5),
(47, 3, 9, 5),
(46, 3, 8, 5),
(45, 3, 7, 5),
(44, 3, 6, 5),
(42, 3, 5, 5),
(41, 3, 4, 5),
(40, 3, 3, 5),
(39, 3, 2, 5),
(38, 3, 1, 5),
(37, 1, 10, 5),
(36, 1, 9, 5),
(35, 1, 8, 5),
(34, 1, 7, 5),
(33, 1, 6, 5),
(32, 1, 5, 5),
(31, 1, 4, 5),
(30, 1, 3, 5),
(29, 1, 2, 5),
(28, 1, 1, 5),
(53, 4, 5, 5),
(54, 4, 6, 5),
(55, 4, 7, 5),
(56, 4, 8, 5),
(57, 4, 9, 5),
(58, 4, 10, 5),
(59, 5, 1, 5),
(60, 5, 2, 5),
(61, 5, 3, 5),
(62, 5, 4, 5),
(63, 5, 5, 5),
(64, 5, 6, 5),
(65, 5, 7, 5),
(66, 5, 8, 5),
(67, 5, 9, 5),
(68, 5, 10, 5),
(69, 6, 1, 5),
(70, 6, 2, 5),
(71, 6, 3, 5),
(72, 6, 4, 5),
(73, 6, 5, 5),
(74, 6, 6, 5),
(75, 6, 7, 5),
(76, 6, 8, 5),
(77, 6, 9, 5),
(78, 6, 10, 5);

-- --------------------------------------------------------

--
-- Table structure for table `cluster`
--

CREATE TABLE IF NOT EXISTS `cluster` (
`id_cluster` int(11) NOT NULL,
  `nama_cluster` varchar(50) NOT NULL,
  `keterangan` varchar(100) NOT NULL,
  `gambar` varchar(50) NOT NULL
) ENGINE=InnoDB  DEFAULT CHARSET=latin1 AUTO_INCREMENT=11 ;

--
-- Dumping data for table `cluster`
--

INSERT INTO `cluster` (`id_cluster`, `nama_cluster`, `keterangan`, `gambar`) VALUES
(1, 'Acacia', 'Baru', ''),
(2, 'Alamanda', 'Baguus', '10_HZPK.jpg'),
(3, 'fsfgerg', 'bdgbfgn', ''),
(4, 'wef', 'fsgerh', ''),
(5, 'vfethry', 'nghkik  ertge egerg ', ''),
(6, 'gweger', 'erherhh46u', '2x.jpg'),
(7, 'asdasdas', 'asdasd', 'balom.jpg'),
(8, '', '', ''),
(9, '', '', ''),
(10, '', '', '');

-- --------------------------------------------------------

--
-- Table structure for table `kriteria`
--

CREATE TABLE IF NOT EXISTS `kriteria` (
`id_kriteria` int(11) NOT NULL,
  `nama_kriteria` varchar(20) NOT NULL,
  `sub` varchar(20) NOT NULL,
  `aktif` enum('Y','N') NOT NULL
) ENGINE=InnoDB  DEFAULT CHARSET=latin1 AUTO_INCREMENT=11 ;

--
-- Dumping data for table `kriteria`
--

INSERT INTO `kriteria` (`id_kriteria`, `nama_kriteria`, `sub`, `aktif`) VALUES
(1, 'Harga', '4', 'Y'),
(2, 'Lokasi', '4', 'Y'),
(3, 'Fasilitas Umum', '4', 'Y'),
(4, 'Akses Jalan', '2', 'Y'),
(5, 'Luas Bangunan', '4', 'Y'),
(6, 'Luas Tanah', '2', 'Y'),
(7, 'Desain Rumah', '3', 'Y'),
(8, 'Jenis Bangunan', '2', 'Y'),
(9, 'Spesifikasi Bangunan', '2', 'Y'),
(10, 'Fasilitas Rumah', '2', 'Y');

-- --------------------------------------------------------

--
-- Table structure for table `log_activity`
--

CREATE TABLE IF NOT EXISTS `log_activity` (
`id` int(11) NOT NULL,
  `login` timestamp NOT NULL DEFAULT CURRENT_TIMESTAMP ON UPDATE CURRENT_TIMESTAMP,
  `last_login` datetime NOT NULL,
  `username` varchar(100) NOT NULL,
  `sessionid` varchar(50) NOT NULL
) ENGINE=InnoDB  DEFAULT CHARSET=latin1 AUTO_INCREMENT=25 ;

--
-- Dumping data for table `log_activity`
--

INSERT INTO `log_activity` (`id`, `login`, `last_login`, `username`, `sessionid`) VALUES
(1, '2015-05-28 04:03:43', '2015-05-28 06:03:43', 'admin', 'QlY2uc0KR57aUDde\n'),
(2, '2015-05-28 04:03:43', '2015-05-28 06:03:43', 'admin', 'tlEYUESXjAYXSX8G\n'),
(3, '2015-05-28 04:03:43', '2015-05-28 06:03:43', 'admin', '4eTraTo43GNau8PI\n'),
(4, '2015-05-28 04:03:43', '2015-05-28 06:03:43', '', '0dbWDvB88YsQHctI\n'),
(5, '2015-05-28 04:03:43', '2015-05-28 06:03:43', 'admin', 'hjx3pxHXeva8di6d\n'),
(6, '2015-05-28 04:03:43', '2015-05-28 06:03:43', 'admin', '4plg6eXnCvVHyMyc\n'),
(7, '2015-05-28 04:03:43', '2015-05-28 06:03:43', 'admin', 'juWPQb6IfPVewO1J\n'),
(8, '2015-05-28 04:03:43', '2015-05-28 06:03:43', 'admin', 'DAJcypcP0yf2EfeK\n'),
(9, '2015-05-28 04:03:43', '2015-05-28 06:03:43', 'admin', 'VCpkN9NAhPUq4iVE\n'),
(10, '2015-05-28 04:03:43', '2015-05-28 06:03:43', 'admin', 'dx1W9BsaMFeEXzI3\n'),
(11, '2015-05-28 04:03:43', '2015-05-28 06:03:43', '', 'OkH69NZ1TDere7TF\n'),
(12, '2015-05-28 04:03:43', '2015-05-28 06:03:43', 'admin', 'MOWGqvkVo2c5TZ9X\n'),
(13, '2015-05-28 04:03:43', '2015-05-28 06:03:43', 'admin', 'BXJfUfrq7d2FUX1h\n'),
(14, '2015-05-28 04:03:43', '2015-05-28 06:03:43', '', 'czXYy6pdVOcJh16P\n'),
(15, '2015-05-28 04:03:43', '2015-05-28 06:03:43', 'admin', 'WYzHQ6WmOEPDt5tT\n'),
(16, '2015-05-28 04:03:43', '2015-05-28 06:03:43', 'admin', 'tCerrhvFkBRy4jPs\n'),
(17, '2015-05-28 04:03:43', '2015-05-28 06:03:43', 'admin', 'jwXIFt45ZDgZBydc\n'),
(18, '2015-05-28 04:03:43', '2015-05-28 06:03:43', 'admin', 'ef0HoHkYKrsWQEUl\n'),
(19, '2015-05-28 04:03:43', '2015-05-28 06:03:43', 'admin', 'c2YRoNnPQCmEwaii\n'),
(20, '2015-05-28 04:03:43', '2015-05-28 06:03:43', '', 'd7t0jLplfULJIV2X\n'),
(21, '2015-05-28 04:03:43', '2015-05-28 06:03:43', '', 'vrxeQXkN0zTvuBj2\n'),
(22, '2015-05-28 04:03:43', '2015-05-28 06:03:43', 'admin', '5bdsTCkDSSBFsLXi\n'),
(23, '2015-05-28 04:03:43', '2015-05-28 06:03:43', 'admin', '6Ejm4xiSuiCaEBVb\n'),
(24, '2015-05-28 04:03:43', '2015-05-28 06:03:43', '', 'hUE0aTnSk3st1A4C\n');

-- --------------------------------------------------------

--
-- Table structure for table `nilaikriteria`
--

CREATE TABLE IF NOT EXISTS `nilaikriteria` (
`id` int(11) NOT NULL,
  `responden` varchar(20) NOT NULL,
  `idkriteria` int(11) NOT NULL,
  `subkriteria` varchar(10) NOT NULL,
  `nilaikriteria` int(11) NOT NULL
) ENGINE=InnoDB  DEFAULT CHARSET=latin1 AUTO_INCREMENT=3439 ;

--
-- Dumping data for table `nilaikriteria`
--

INSERT INTO `nilaikriteria` (`id`, `responden`, `idkriteria`, `subkriteria`, `nilaikriteria`) VALUES
(2395, 'R1', 1, '1.1', 5),
(2396, 'R1', 1, '1.2', 4),
(2397, 'R1', 1, '1.3', 5),
(2398, 'R1', 1, '1.4', 5),
(2399, 'R1', 2, '2.1', 5),
(2400, 'R1', 2, '2.2', 3),
(2401, 'R1', 2, '2.3', 4),
(2402, 'R1', 2, '2.4', 5),
(2403, 'R1', 3, '3.1', 4),
(2404, 'R1', 3, '3.2', 4),
(2405, 'R1', 3, '3.3', 3),
(2406, 'R1', 3, '3.4', 4),
(2407, 'R1', 4, '4.1', 4),
(2408, 'R1', 4, '4.2', 3),
(2409, 'R1', 5, '5.1', 5),
(2410, 'R1', 5, '5.2', 5),
(2411, 'R1', 5, '5.3', 5),
(2412, 'R1', 5, '5.4', 3),
(2413, 'R1', 6, '6.1', 5),
(2414, 'R1', 6, '6.2', 5),
(2415, 'R1', 7, '7.1', 4),
(2416, 'R1', 7, '7.2', 4),
(2417, 'R1', 7, '7.3', 4),
(2418, 'R1', 8, '8.1', 4),
(2419, 'R1', 8, '8.2', 3),
(2420, 'R1', 9, '9.1', 4),
(2421, 'R1', 9, '9.2', 4),
(2422, 'R1', 10, '10.1', 4),
(2423, 'R1', 10, '10.2', 4),
(2424, 'R2', 1, '1.1', 4),
(2425, 'R2', 1, '1.2', 4),
(2426, 'R2', 1, '1.3', 4),
(2427, 'R2', 1, '1.4', 4),
(2428, 'R2', 2, '2.1', 5),
(2429, 'R2', 2, '2.2', 5),
(2430, 'R2', 2, '2.3', 5),
(2431, 'R2', 2, '2.4', 5),
(2432, 'R2', 3, '3.1', 5),
(2433, 'R2', 3, '3.2', 5),
(2434, 'R2', 3, '3.3', 5),
(2435, 'R2', 3, '3.4', 5),
(2436, 'R2', 4, '4.1', 5),
(2437, 'R2', 4, '4.2', 5),
(2438, 'R2', 5, '5.1', 4),
(2439, 'R2', 5, '5.2', 4),
(2440, 'R2', 5, '5.3', 4),
(2441, 'R2', 5, '5.4', 4),
(2442, 'R2', 6, '6.1', 5),
(2443, 'R2', 6, '6.2', 5),
(2444, 'R2', 7, '7.1', 5),
(2445, 'R2', 7, '7.2', 5),
(2446, 'R2', 7, '7.3', 5),
(2447, 'R2', 8, '8.1', 4),
(2448, 'R2', 8, '8.2', 3),
(2449, 'R2', 9, '9.1', 4),
(2450, 'R2', 9, '9.2', 4),
(2451, 'R2', 10, '10.1', 4),
(2452, 'R2', 10, '10.2', 4),
(2453, 'R3', 1, '1.1', 3),
(2454, 'R3', 1, '1.2', 4),
(2455, 'R3', 1, '1.3', 2),
(2456, 'R3', 1, '1.4', 2),
(2457, 'R3', 2, '2.1', 3),
(2458, 'R3', 2, '2.2', 4),
(2459, 'R3', 2, '2.3', 2),
(2460, 'R3', 2, '2.4', 5),
(2461, 'R3', 3, '3.1', 1),
(2462, 'R3', 3, '3.2', 5),
(2463, 'R3', 3, '3.3', 5),
(2464, 'R3', 3, '3.4', 4),
(2465, 'R3', 4, '4.1', 3),
(2466, 'R3', 4, '4.2', 1),
(2467, 'R3', 5, '5.1', 3),
(2468, 'R3', 5, '5.2', 3),
(2469, 'R3', 5, '5.3', 4),
(2470, 'R3', 5, '5.4', 2),
(2471, 'R3', 6, '6.1', 4),
(2472, 'R3', 6, '6.2', 5),
(2473, 'R3', 7, '7.1', 5),
(2474, 'R3', 7, '7.2', 5),
(2475, 'R3', 7, '7.3', 4),
(2476, 'R3', 8, '8.1', 5),
(2477, 'R3', 8, '8.2', 1),
(2478, 'R3', 9, '9.1', 5),
(2479, 'R3', 9, '9.2', 3),
(2480, 'R3', 10, '10.1', 2),
(2481, 'R3', 10, '10.2', 5),
(2482, 'R4', 1, '1.1', 1),
(2483, 'R4', 1, '1.2', 1),
(2484, 'R4', 1, '1.3', 4),
(2485, 'R4', 1, '1.4', 4),
(2486, 'R4', 2, '2.1', 5),
(2487, 'R4', 2, '2.2', 5),
(2488, 'R4', 2, '2.3', 5),
(2489, 'R4', 2, '2.4', 5),
(2490, 'R4', 3, '3.1', 4),
(2491, 'R4', 3, '3.2', 4),
(2492, 'R4', 3, '3.3', 5),
(2493, 'R4', 3, '3.4', 5),
(2494, 'R4', 4, '4.1', 5),
(2495, 'R4', 4, '4.2', 4),
(2496, 'R4', 5, '5.1', 4),
(2497, 'R4', 5, '5.2', 4),
(2498, 'R4', 5, '5.3', 3),
(2499, 'R4', 5, '5.4', 2),
(2500, 'R4', 6, '6.1', 5),
(2501, 'R4', 6, '6.2', 5),
(2502, 'R4', 7, '7.1', 5),
(2503, 'R4', 7, '7.2', 4),
(2504, 'R4', 7, '7.3', 4),
(2505, 'R4', 8, '8.1', 4),
(2506, 'R4', 8, '8.2', 1),
(2507, 'R4', 9, '9.1', 5),
(2508, 'R4', 9, '9.2', 1),
(2509, 'R4', 10, '10.1', 4),
(2510, 'R4', 10, '10.2', 4),
(2511, 'R5', 1, '1.1', 4),
(2512, 'R5', 1, '1.2', 3),
(2513, 'R5', 1, '1.3', 3),
(2514, 'R5', 1, '1.4', 5),
(2515, 'R5', 2, '2.1', 3),
(2516, 'R5', 2, '2.2', 1),
(2517, 'R5', 2, '2.3', 4),
(2518, 'R5', 2, '2.4', 5),
(2519, 'R5', 3, '3.1', 2),
(2520, 'R5', 3, '3.2', 5),
(2521, 'R5', 3, '3.3', 5),
(2522, 'R5', 3, '3.4', 5),
(2523, 'R5', 4, '4.1', 4),
(2524, 'R5', 4, '4.2', 1),
(2525, 'R5', 5, '5.1', 2),
(2526, 'R5', 5, '5.2', 2),
(2527, 'R5', 5, '5.3', 2),
(2528, 'R5', 5, '5.4', 2),
(2529, 'R5', 6, '6.1', 2),
(2530, 'R5', 6, '6.2', 3),
(2531, 'R5', 7, '7.1', 5),
(2532, 'R5', 7, '7.2', 5),
(2533, 'R5', 7, '7.3', 5),
(2534, 'R5', 8, '8.1', 5),
(2535, 'R5', 8, '8.2', 2),
(2536, 'R5', 9, '9.1', 5),
(2537, 'R5', 9, '9.2', 4),
(2538, 'R5', 10, '10.1', 3),
(2539, 'R5', 10, '10.2', 4),
(2540, 'R6', 1, '1.1', 4),
(2541, 'R6', 1, '1.2', 4),
(2542, 'R6', 1, '1.3', 4),
(2543, 'R6', 1, '1.4', 4),
(2544, 'R6', 2, '2.1', 5),
(2545, 'R6', 2, '2.2', 5),
(2546, 'R6', 2, '2.3', 4),
(2547, 'R6', 2, '2.4', 4),
(2548, 'R6', 3, '3.1', 3),
(2549, 'R6', 3, '3.2', 4),
(2550, 'R6', 3, '3.3', 4),
(2551, 'R6', 3, '3.4', 4),
(2552, 'R6', 4, '4.1', 2),
(2553, 'R6', 4, '4.2', 4),
(2554, 'R6', 5, '5.1', 2),
(2555, 'R6', 5, '5.2', 2),
(2556, 'R6', 5, '5.3', 3),
(2557, 'R6', 5, '5.4', 3),
(2558, 'R6', 6, '6.1', 4),
(2559, 'R6', 6, '6.2', 4),
(2560, 'R6', 7, '7.1', 4),
(2561, 'R6', 7, '7.2', 5),
(2562, 'R6', 7, '7.3', 5),
(2563, 'R6', 8, '8.1', 5),
(2564, 'R6', 8, '8.2', 5),
(2565, 'R6', 9, '9.1', 4),
(2566, 'R6', 9, '9.2', 4),
(2567, 'R6', 10, '10.1', 4),
(2568, 'R6', 10, '10.2', 4),
(2569, 'R7', 1, '1.1', 4),
(2570, 'R7', 1, '1.2', 4),
(2571, 'R7', 1, '1.3', 4),
(2572, 'R7', 1, '1.4', 4),
(2573, 'R7', 2, '2.1', 5),
(2574, 'R7', 2, '2.2', 5),
(2575, 'R7', 2, '2.3', 5),
(2576, 'R7', 2, '2.4', 5),
(2577, 'R7', 3, '3.1', 5),
(2578, 'R7', 3, '3.2', 5),
(2579, 'R7', 3, '3.3', 5),
(2580, 'R7', 3, '3.4', 5),
(2581, 'R7', 4, '4.1', 5),
(2582, 'R7', 4, '4.2', 5),
(2583, 'R7', 5, '5.1', 4),
(2584, 'R7', 5, '5.2', 4),
(2585, 'R7', 5, '5.3', 5),
(2586, 'R7', 5, '5.4', 4),
(2587, 'R7', 6, '6.1', 5),
(2588, 'R7', 6, '6.2', 5),
(2589, 'R7', 7, '7.1', 5),
(2590, 'R7', 7, '7.2', 5),
(2591, 'R7', 7, '7.3', 5),
(2592, 'R7', 8, '8.1', 5),
(2593, 'R7', 8, '8.2', 3),
(2594, 'R7', 9, '9.1', 4),
(2595, 'R7', 9, '9.2', 4),
(2596, 'R7', 10, '10.1', 4),
(2597, 'R7', 10, '10.2', 4),
(2598, 'R8', 1, '1.1', 4),
(2599, 'R8', 1, '1.2', 4),
(2600, 'R8', 1, '1.3', 4),
(2601, 'R8', 1, '1.4', 4),
(2602, 'R8', 2, '2.1', 5),
(2603, 'R8', 2, '2.2', 5),
(2604, 'R8', 2, '2.3', 5),
(2605, 'R8', 2, '2.4', 5),
(2606, 'R8', 3, '3.1', 3),
(2607, 'R8', 3, '3.2', 3),
(2608, 'R8', 3, '3.3', 5),
(2609, 'R8', 3, '3.4', 5),
(2610, 'R8', 4, '4.1', 4),
(2611, 'R8', 4, '4.2', 4),
(2612, 'R8', 5, '5.1', 4),
(2613, 'R8', 5, '5.2', 4),
(2614, 'R8', 5, '5.3', 4),
(2615, 'R8', 5, '5.4', 3),
(2616, 'R8', 6, '6.1', 3),
(2617, 'R8', 6, '6.2', 4),
(2618, 'R8', 7, '7.1', 5),
(2619, 'R8', 7, '7.2', 5),
(2620, 'R8', 7, '7.3', 4),
(2621, 'R8', 8, '8.1', 4),
(2622, 'R8', 8, '8.2', 3),
(2623, 'R8', 9, '9.1', 2),
(2624, 'R8', 9, '9.2', 2),
(2625, 'R8', 10, '10.1', 2),
(2626, 'R8', 10, '10.2', 2),
(2627, 'R9', 1, '1.1', 4),
(2628, 'R9', 1, '1.2', 4),
(2629, 'R9', 1, '1.3', 4),
(2630, 'R9', 1, '1.4', 4),
(2631, 'R9', 2, '2.1', 5),
(2632, 'R9', 2, '2.2', 4),
(2633, 'R9', 2, '2.3', 4),
(2634, 'R9', 2, '2.4', 4),
(2635, 'R9', 3, '3.1', 5),
(2636, 'R9', 3, '3.2', 3),
(2637, 'R9', 3, '3.3', 4),
(2638, 'R9', 3, '3.4', 4),
(2639, 'R9', 4, '4.1', 4),
(2640, 'R9', 4, '4.2', 4),
(2641, 'R9', 5, '5.1', 4),
(2642, 'R9', 5, '5.2', 3),
(2643, 'R9', 5, '5.3', 4),
(2644, 'R9', 5, '5.4', 4),
(2645, 'R9', 6, '6.1', 4),
(2646, 'R9', 6, '6.2', 4),
(2647, 'R9', 7, '7.1', 4),
(2648, 'R9', 7, '7.2', 4),
(2649, 'R9', 7, '7.3', 4),
(2650, 'R9', 8, '8.1', 4),
(2651, 'R9', 8, '8.2', 4),
(2652, 'R9', 9, '9.1', 4),
(2653, 'R9', 9, '9.2', 4),
(2654, 'R9', 10, '10.1', 4),
(2655, 'R9', 10, '10.2', 4),
(2656, 'R10', 1, '1.1', 5),
(2657, 'R10', 1, '1.2', 5),
(2658, 'R10', 1, '1.3', 5),
(2659, 'R10', 1, '1.4', 5),
(2660, 'R10', 2, '2.1', 2),
(2661, 'R10', 2, '2.2', 2),
(2662, 'R10', 2, '2.3', 4),
(2663, 'R10', 2, '2.4', 4),
(2664, 'R10', 3, '3.1', 3),
(2665, 'R10', 3, '3.2', 4),
(2666, 'R10', 3, '3.3', 5),
(2667, 'R10', 3, '3.4', 5),
(2668, 'R10', 4, '4.1', 4),
(2669, 'R10', 4, '4.2', 3),
(2670, 'R10', 5, '5.1', 4),
(2671, 'R10', 5, '5.2', 3),
(2672, 'R10', 5, '5.3', 5),
(2673, 'R10', 5, '5.4', 4),
(2674, 'R10', 6, '6.1', 3),
(2675, 'R10', 6, '6.2', 4),
(2676, 'R10', 7, '7.1', 4),
(2677, 'R10', 7, '7.2', 4),
(2678, 'R10', 7, '7.3', 4),
(2679, 'R10', 8, '8.1', 4),
(2680, 'R10', 8, '8.2', 4),
(2681, 'R10', 9, '9.1', 4),
(2682, 'R10', 9, '9.2', 5),
(2683, 'R10', 10, '10.1', 4),
(2684, 'R10', 10, '10.2', 4),
(2685, 'R11', 1, '1.1', 4),
(2686, 'R11', 1, '1.2', 4),
(2687, 'R11', 1, '1.3', 4),
(2688, 'R11', 1, '1.4', 4),
(2689, 'R11', 2, '2.1', 5),
(2690, 'R11', 2, '2.2', 5),
(2691, 'R11', 2, '2.3', 5),
(2692, 'R11', 2, '2.4', 5),
(2693, 'R11', 3, '3.1', 5),
(2694, 'R11', 3, '3.2', 5),
(2695, 'R11', 3, '3.3', 5),
(2696, 'R11', 3, '3.4', 5),
(2697, 'R11', 4, '4.1', 5),
(2698, 'R11', 4, '4.2', 5),
(2699, 'R11', 5, '5.1', 4),
(2700, 'R11', 5, '5.2', 4),
(2701, 'R11', 5, '5.3', 4),
(2702, 'R11', 5, '5.4', 4),
(2703, 'R11', 6, '6.1', 5),
(2704, 'R11', 6, '6.2', 5),
(2705, 'R11', 7, '7.1', 5),
(2706, 'R11', 7, '7.2', 5),
(2707, 'R11', 7, '7.3', 4),
(2708, 'R11', 8, '8.1', 4),
(2709, 'R11', 8, '8.2', 3),
(2710, 'R11', 9, '9.1', 3),
(2711, 'R11', 9, '9.2', 3),
(2712, 'R11', 10, '10.1', 3),
(2713, 'R11', 10, '10.2', 4),
(2714, 'R12', 1, '1.1', 4),
(2715, 'R12', 1, '1.2', 4),
(2716, 'R12', 1, '1.3', 4),
(2717, 'R12', 1, '1.4', 4),
(2718, 'R12', 2, '2.1', 5),
(2719, 'R12', 2, '2.2', 5),
(2720, 'R12', 2, '2.3', 5),
(2721, 'R12', 2, '2.4', 5),
(2722, 'R12', 3, '3.1', 5),
(2723, 'R12', 3, '3.2', 5),
(2724, 'R12', 3, '3.3', 5),
(2725, 'R12', 3, '3.4', 5),
(2726, 'R12', 4, '4.1', 5),
(2727, 'R12', 4, '4.2', 5),
(2728, 'R12', 5, '5.1', 4),
(2729, 'R12', 5, '5.2', 4),
(2730, 'R12', 5, '5.3', 4),
(2731, 'R12', 5, '5.4', 3),
(2732, 'R12', 6, '6.1', 5),
(2733, 'R12', 6, '6.2', 5),
(2734, 'R12', 7, '7.1', 5),
(2735, 'R12', 7, '7.2', 5),
(2736, 'R12', 7, '7.3', 3),
(2737, 'R12', 8, '8.1', 3),
(2738, 'R12', 8, '8.2', 3),
(2739, 'R12', 9, '9.1', 3),
(2740, 'R12', 9, '9.2', 3),
(2741, 'R12', 10, '10.1', 4),
(2742, 'R12', 10, '10.2', 4),
(2743, 'R13', 1, '1.1', 4),
(2744, 'R13', 1, '1.2', 3),
(2745, 'R13', 1, '1.3', 5),
(2746, 'R13', 1, '1.4', 4),
(2747, 'R13', 2, '2.1', 5),
(2748, 'R13', 2, '2.2', 4),
(2749, 'R13', 2, '2.3', 3),
(2750, 'R13', 2, '2.4', 4),
(2751, 'R13', 3, '3.1', 2),
(2752, 'R13', 3, '3.2', 4),
(2753, 'R13', 3, '3.3', 4),
(2754, 'R13', 3, '3.4', 3),
(2755, 'R13', 4, '4.1', 4),
(2756, 'R13', 4, '4.2', 5),
(2757, 'R13', 5, '5.1', 5),
(2758, 'R13', 5, '5.2', 5),
(2759, 'R13', 5, '5.3', 4),
(2760, 'R13', 5, '5.4', 4),
(2761, 'R13', 6, '6.1', 5),
(2762, 'R13', 6, '6.2', 5),
(2763, 'R13', 7, '7.1', 4),
(2764, 'R13', 7, '7.2', 5),
(2765, 'R13', 7, '7.3', 5),
(2766, 'R13', 8, '8.1', 4),
(2767, 'R13', 8, '8.2', 4),
(2768, 'R13', 9, '9.1', 3),
(2769, 'R13', 9, '9.2', 4),
(2770, 'R13', 10, '10.1', 4),
(2771, 'R13', 10, '10.2', 4),
(2772, 'R14', 1, '1.1', 5),
(2773, 'R14', 1, '1.2', 5),
(2774, 'R14', 1, '1.3', 4),
(2775, 'R14', 1, '1.4', 3),
(2776, 'R14', 2, '2.1', 5),
(2777, 'R14', 2, '2.2', 5),
(2778, 'R14', 2, '2.3', 5),
(2779, 'R14', 2, '2.4', 5),
(2780, 'R14', 3, '3.1', 5),
(2781, 'R14', 3, '3.2', 5),
(2782, 'R14', 3, '3.3', 5),
(2783, 'R14', 3, '3.4', 5),
(2784, 'R14', 4, '4.1', 3),
(2785, 'R14', 4, '4.2', 3),
(2786, 'R14', 5, '5.1', 3),
(2787, 'R14', 5, '5.2', 3),
(2788, 'R14', 5, '5.3', 3),
(2789, 'R14', 5, '5.4', 4),
(2790, 'R14', 6, '6.1', 5),
(2791, 'R14', 6, '6.2', 5),
(2792, 'R14', 7, '7.1', 4),
(2793, 'R14', 7, '7.2', 3),
(2794, 'R14', 7, '7.3', 3),
(2795, 'R14', 8, '8.1', 3),
(2796, 'R14', 8, '8.2', 4),
(2797, 'R14', 9, '9.1', 3),
(2798, 'R14', 9, '9.2', 4),
(2799, 'R14', 10, '10.1', 5),
(2800, 'R14', 10, '10.2', 4),
(2801, 'R15', 1, '1.1', 5),
(2802, 'R15', 1, '1.2', 4),
(2803, 'R15', 1, '1.3', 4),
(2804, 'R15', 1, '1.4', 4),
(2805, 'R15', 2, '2.1', 5),
(2806, 'R15', 2, '2.2', 4),
(2807, 'R15', 2, '2.3', 3),
(2808, 'R15', 2, '2.4', 4),
(2809, 'R15', 3, '3.1', 4),
(2810, 'R15', 3, '3.2', 4),
(2811, 'R15', 3, '3.3', 5),
(2812, 'R15', 3, '3.4', 4),
(2813, 'R15', 4, '4.1', 4),
(2814, 'R15', 4, '4.2', 4),
(2815, 'R15', 5, '5.1', 4),
(2816, 'R15', 5, '5.2', 4),
(2817, 'R15', 5, '5.3', 4),
(2818, 'R15', 5, '5.4', 4),
(2819, 'R15', 6, '6.1', 5),
(2820, 'R15', 6, '6.2', 5),
(2821, 'R15', 7, '7.1', 4),
(2822, 'R15', 7, '7.2', 4),
(2823, 'R15', 7, '7.3', 4),
(2824, 'R15', 8, '8.1', 4),
(2825, 'R15', 8, '8.2', 3),
(2826, 'R15', 9, '9.1', 4),
(2827, 'R15', 9, '9.2', 3),
(2828, 'R15', 10, '10.1', 4),
(2829, 'R15', 10, '10.2', 3),
(2830, 'R16', 1, '1.1', 5),
(2831, 'R16', 1, '1.2', 4),
(2832, 'R16', 1, '1.3', 5),
(2833, 'R16', 1, '1.4', 5),
(2834, 'R16', 2, '2.1', 3),
(2835, 'R16', 2, '2.2', 4),
(2836, 'R16', 2, '2.3', 5),
(2837, 'R16', 2, '2.4', 5),
(2838, 'R16', 3, '3.1', 5),
(2839, 'R16', 3, '3.2', 4),
(2840, 'R16', 3, '3.3', 3),
(2841, 'R16', 3, '3.4', 3),
(2842, 'R16', 4, '4.1', 4),
(2843, 'R16', 4, '4.2', 4),
(2844, 'R16', 5, '5.1', 4),
(2845, 'R16', 5, '5.2', 4),
(2846, 'R16', 5, '5.3', 4),
(2847, 'R16', 5, '5.4', 4),
(2848, 'R16', 6, '6.1', 4),
(2849, 'R16', 6, '6.2', 5),
(2850, 'R16', 7, '7.1', 5),
(2851, 'R16', 7, '7.2', 5),
(2852, 'R16', 7, '7.3', 5),
(2853, 'R16', 8, '8.1', 4),
(2854, 'R16', 8, '8.2', 3),
(2855, 'R16', 9, '9.1', 3),
(2856, 'R16', 9, '9.2', 3),
(2857, 'R16', 10, '10.1', 3),
(2858, 'R16', 10, '10.2', 4),
(2859, 'R17', 1, '1.1', 5),
(2860, 'R17', 1, '1.2', 5),
(2861, 'R17', 1, '1.3', 5),
(2862, 'R17', 1, '1.4', 4),
(2863, 'R17', 2, '2.1', 4),
(2864, 'R17', 2, '2.2', 4),
(2865, 'R17', 2, '2.3', 5),
(2866, 'R17', 2, '2.4', 5),
(2867, 'R17', 3, '3.1', 4),
(2868, 'R17', 3, '3.2', 5),
(2869, 'R17', 3, '3.3', 4),
(2870, 'R17', 3, '3.4', 4),
(2871, 'R17', 4, '4.1', 4),
(2872, 'R17', 4, '4.2', 4),
(2873, 'R17', 5, '5.1', 3),
(2874, 'R17', 5, '5.2', 3),
(2875, 'R17', 5, '5.3', 3),
(2876, 'R17', 5, '5.4', 3),
(2877, 'R17', 6, '6.1', 4),
(2878, 'R17', 6, '6.2', 4),
(2879, 'R17', 7, '7.1', 4),
(2880, 'R17', 7, '7.2', 2),
(2881, 'R17', 7, '7.3', 4),
(2882, 'R17', 8, '8.1', 2),
(2883, 'R17', 8, '8.2', 1),
(2884, 'R17', 9, '9.1', 4),
(2885, 'R17', 9, '9.2', 3),
(2886, 'R17', 10, '10.1', 5),
(2887, 'R17', 10, '10.2', 4),
(2888, 'R18', 1, '1.1', 5),
(2889, 'R18', 1, '1.2', 4),
(2890, 'R18', 1, '1.3', 3),
(2891, 'R18', 1, '1.4', 1),
(2892, 'R18', 2, '2.1', 2),
(2893, 'R18', 2, '2.2', 2),
(2894, 'R18', 2, '2.3', 3),
(2895, 'R18', 2, '2.4', 4),
(2896, 'R18', 3, '3.1', 5),
(2897, 'R18', 3, '3.2', 5),
(2898, 'R18', 3, '3.3', 5),
(2899, 'R18', 3, '3.4', 4),
(2900, 'R18', 4, '4.1', 4),
(2901, 'R18', 4, '4.2', 4),
(2902, 'R18', 5, '5.1', 4),
(2903, 'R18', 5, '5.2', 4),
(2904, 'R18', 5, '5.3', 4),
(2905, 'R18', 5, '5.4', 4),
(2906, 'R18', 6, '6.1', 5),
(2907, 'R18', 6, '6.2', 5),
(2908, 'R18', 7, '7.1', 5),
(2909, 'R18', 7, '7.2', 5),
(2910, 'R18', 7, '7.3', 1),
(2911, 'R18', 8, '8.1', 2),
(2912, 'R18', 8, '8.2', 1),
(2913, 'R18', 9, '9.1', 2),
(2914, 'R18', 9, '9.2', 3),
(2915, 'R18', 10, '10.1', 5),
(2916, 'R18', 10, '10.2', 4),
(2917, 'R19', 1, '1.1', 4),
(2918, 'R19', 1, '1.2', 3),
(2919, 'R19', 1, '1.3', 3),
(2920, 'R19', 1, '1.4', 1),
(2921, 'R19', 2, '2.1', 2),
(2922, 'R19', 2, '2.2', 2),
(2923, 'R19', 2, '2.3', 4),
(2924, 'R19', 2, '2.4', 4),
(2925, 'R19', 3, '3.1', 3),
(2926, 'R19', 3, '3.2', 4),
(2927, 'R19', 3, '3.3', 5),
(2928, 'R19', 3, '3.4', 4),
(2929, 'R19', 4, '4.1', 4),
(2930, 'R19', 4, '4.2', 4),
(2931, 'R19', 5, '5.1', 1),
(2932, 'R19', 5, '5.2', 2),
(2933, 'R19', 5, '5.3', 1),
(2934, 'R19', 5, '5.4', 4),
(2935, 'R19', 6, '6.1', 5),
(2936, 'R19', 6, '6.2', 5),
(2937, 'R19', 7, '7.1', 2),
(2938, 'R19', 7, '7.2', 3),
(2939, 'R19', 7, '7.3', 3),
(2940, 'R19', 8, '8.1', 4),
(2941, 'R19', 8, '8.2', 2),
(2942, 'R19', 9, '9.1', 4),
(2943, 'R19', 9, '9.2', 3),
(2944, 'R19', 10, '10.1', 5),
(2945, 'R19', 10, '10.2', 4),
(2946, 'R20', 1, '1.1', 5),
(2947, 'R20', 1, '1.2', 5),
(2948, 'R20', 1, '1.3', 5),
(2949, 'R20', 1, '1.4', 4),
(2950, 'R20', 2, '2.1', 4),
(2951, 'R20', 2, '2.2', 4),
(2952, 'R20', 2, '2.3', 5),
(2953, 'R20', 2, '2.4', 5),
(2954, 'R20', 3, '3.1', 4),
(2955, 'R20', 3, '3.2', 4),
(2956, 'R20', 3, '3.3', 4),
(2957, 'R20', 3, '3.4', 4),
(2958, 'R20', 4, '4.1', 4),
(2959, 'R20', 4, '4.2', 4),
(2960, 'R20', 5, '5.1', 4),
(2961, 'R20', 5, '5.2', 4),
(2962, 'R20', 5, '5.3', 3),
(2963, 'R20', 5, '5.4', 3),
(2964, 'R20', 6, '6.1', 5),
(2965, 'R20', 6, '6.2', 5),
(2966, 'R20', 7, '7.1', 3),
(2967, 'R20', 7, '7.2', 4),
(2968, 'R20', 7, '7.3', 2),
(2969, 'R20', 8, '8.1', 4),
(2970, 'R20', 8, '8.2', 3),
(2971, 'R20', 9, '9.1', 3),
(2972, 'R20', 9, '9.2', 5),
(2973, 'R20', 10, '10.1', 5),
(2974, 'R20', 10, '10.2', 3),
(2975, 'R21', 1, '1.1', 4),
(2976, 'R21', 1, '1.2', 5),
(2977, 'R21', 1, '1.3', 3),
(2978, 'R21', 1, '1.4', 3),
(2979, 'R21', 2, '2.1', 5),
(2980, 'R21', 2, '2.2', 5),
(2981, 'R21', 2, '2.3', 5),
(2982, 'R21', 2, '2.4', 5),
(2983, 'R21', 3, '3.1', 4),
(2984, 'R21', 3, '3.2', 4),
(2985, 'R21', 3, '3.3', 4),
(2986, 'R21', 3, '3.4', 4),
(2987, 'R21', 4, '4.1', 5),
(2988, 'R21', 4, '4.2', 4),
(2989, 'R21', 5, '5.1', 4),
(2990, 'R21', 5, '5.2', 4),
(2991, 'R21', 5, '5.3', 4),
(2992, 'R21', 5, '5.4', 3),
(2993, 'R21', 6, '6.1', 5),
(2994, 'R21', 6, '6.2', 5),
(2995, 'R21', 7, '7.1', 4),
(2996, 'R21', 7, '7.2', 4),
(2997, 'R21', 7, '7.3', 2),
(2998, 'R21', 8, '8.1', 3),
(2999, 'R21', 8, '8.2', 3),
(3000, 'R21', 9, '9.1', 3),
(3001, 'R21', 9, '9.2', 3),
(3002, 'R21', 10, '10.1', 5),
(3003, 'R21', 10, '10.2', 4),
(3004, 'R22', 1, '1.1', 4),
(3005, 'R22', 1, '1.2', 4),
(3006, 'R22', 1, '1.3', 4),
(3007, 'R22', 1, '1.4', 4),
(3008, 'R22', 2, '2.1', 5),
(3009, 'R22', 2, '2.2', 5),
(3010, 'R22', 2, '2.3', 5),
(3011, 'R22', 2, '2.4', 5),
(3012, 'R22', 3, '3.1', 5),
(3013, 'R22', 3, '3.2', 5),
(3014, 'R22', 3, '3.3', 5),
(3015, 'R22', 3, '3.4', 5),
(3016, 'R22', 4, '4.1', 5),
(3017, 'R22', 4, '4.2', 5),
(3018, 'R22', 5, '5.1', 5),
(3019, 'R22', 5, '5.2', 4),
(3020, 'R22', 5, '5.3', 4),
(3021, 'R22', 5, '5.4', 4),
(3022, 'R22', 6, '6.1', 5),
(3023, 'R22', 6, '6.2', 5),
(3024, 'R22', 7, '7.1', 5),
(3025, 'R22', 7, '7.2', 5),
(3026, 'R22', 7, '7.3', 4),
(3027, 'R22', 8, '8.1', 4),
(3028, 'R22', 8, '8.2', 4),
(3029, 'R22', 9, '9.1', 4),
(3030, 'R22', 9, '9.2', 4),
(3031, 'R22', 10, '10.1', 4),
(3032, 'R22', 10, '10.2', 4),
(3033, 'R23', 1, '1.1', 4),
(3034, 'R23', 1, '1.2', 4),
(3035, 'R23', 1, '1.3', 4),
(3036, 'R23', 1, '1.4', 4),
(3037, 'R23', 2, '2.1', 5),
(3038, 'R23', 2, '2.2', 5),
(3039, 'R23', 2, '2.3', 5),
(3040, 'R23', 2, '2.4', 5),
(3041, 'R23', 3, '3.1', 5),
(3042, 'R23', 3, '3.2', 5),
(3043, 'R23', 3, '3.3', 5),
(3044, 'R23', 3, '3.4', 5),
(3045, 'R23', 4, '4.1', 5),
(3046, 'R23', 4, '4.2', 5),
(3047, 'R23', 5, '5.1', 4),
(3048, 'R23', 5, '5.2', 4),
(3049, 'R23', 5, '5.3', 4),
(3050, 'R23', 5, '5.4', 4),
(3051, 'R23', 6, '6.1', 5),
(3052, 'R23', 6, '6.2', 5),
(3053, 'R23', 7, '7.1', 5),
(3054, 'R23', 7, '7.2', 5),
(3055, 'R23', 7, '7.3', 4),
(3056, 'R23', 8, '8.1', 4),
(3057, 'R23', 8, '8.2', 3),
(3058, 'R23', 9, '9.1', 4),
(3059, 'R23', 9, '9.2', 4),
(3060, 'R23', 10, '10.1', 4),
(3061, 'R23', 10, '10.2', 4),
(3062, 'R24', 1, '1.1', 4),
(3063, 'R24', 1, '1.2', 4),
(3064, 'R24', 1, '1.3', 4),
(3065, 'R24', 1, '1.4', 4),
(3066, 'R24', 2, '2.1', 5),
(3067, 'R24', 2, '2.2', 5),
(3068, 'R24', 2, '2.3', 1),
(3069, 'R24', 2, '2.4', 5),
(3070, 'R24', 3, '3.1', 5),
(3071, 'R24', 3, '3.2', 5),
(3072, 'R24', 3, '3.3', 5),
(3073, 'R24', 3, '3.4', 5),
(3074, 'R24', 4, '4.1', 1),
(3075, 'R24', 4, '4.2', 5),
(3076, 'R24', 5, '5.1', 3),
(3077, 'R24', 5, '5.2', 3),
(3078, 'R24', 5, '5.3', 3),
(3079, 'R24', 5, '5.4', 3),
(3080, 'R24', 6, '6.1', 4),
(3081, 'R24', 6, '6.2', 5),
(3082, 'R24', 7, '7.1', 4),
(3083, 'R24', 7, '7.2', 5),
(3084, 'R24', 7, '7.3', 3),
(3085, 'R24', 8, '8.1', 3),
(3086, 'R24', 8, '8.2', 3),
(3087, 'R24', 9, '9.1', 4),
(3088, 'R24', 9, '9.2', 3),
(3089, 'R24', 10, '10.1', 3),
(3090, 'R24', 10, '10.2', 5),
(3091, 'R25', 1, '1.1', 4),
(3092, 'R25', 1, '1.2', 4),
(3093, 'R25', 1, '1.3', 4),
(3094, 'R25', 1, '1.4', 4),
(3095, 'R25', 2, '2.1', 5),
(3096, 'R25', 2, '2.2', 5),
(3097, 'R25', 2, '2.3', 5),
(3098, 'R25', 2, '2.4', 5),
(3099, 'R25', 3, '3.1', 4),
(3100, 'R25', 3, '3.2', 5),
(3101, 'R25', 3, '3.3', 5),
(3102, 'R25', 3, '3.4', 5),
(3103, 'R25', 4, '4.1', 5),
(3104, 'R25', 4, '4.2', 5),
(3105, 'R25', 5, '5.1', 2),
(3106, 'R25', 5, '5.2', 2),
(3107, 'R25', 5, '5.3', 2),
(3108, 'R25', 5, '5.4', 2),
(3109, 'R25', 6, '6.1', 5),
(3110, 'R25', 6, '6.2', 5),
(3111, 'R25', 7, '7.1', 5),
(3112, 'R25', 7, '7.2', 5),
(3113, 'R25', 7, '7.3', 3),
(3114, 'R25', 8, '8.1', 2),
(3115, 'R25', 8, '8.2', 2),
(3116, 'R25', 9, '9.1', 3),
(3117, 'R25', 9, '9.2', 3),
(3118, 'R25', 10, '10.1', 4),
(3119, 'R25', 10, '10.2', 4),
(3120, 'R26', 1, '1.1', 4),
(3121, 'R26', 1, '1.2', 4),
(3122, 'R26', 1, '1.3', 4),
(3123, 'R26', 1, '1.4', 4),
(3124, 'R26', 2, '2.1', 5),
(3125, 'R26', 2, '2.2', 5),
(3126, 'R26', 2, '2.3', 5),
(3127, 'R26', 2, '2.4', 5),
(3128, 'R26', 3, '3.1', 4),
(3129, 'R26', 3, '3.2', 4),
(3130, 'R26', 3, '3.3', 5),
(3131, 'R26', 3, '3.4', 5),
(3132, 'R26', 4, '4.1', 4),
(3133, 'R26', 4, '4.2', 5),
(3134, 'R26', 5, '5.1', 5),
(3135, 'R26', 5, '5.2', 5),
(3136, 'R26', 5, '5.3', 5),
(3137, 'R26', 5, '5.4', 5),
(3138, 'R26', 6, '6.1', 5),
(3139, 'R26', 6, '6.2', 5),
(3140, 'R26', 7, '7.1', 4),
(3141, 'R26', 7, '7.2', 4),
(3142, 'R26', 7, '7.3', 4),
(3143, 'R26', 8, '8.1', 3),
(3144, 'R26', 8, '8.2', 3),
(3145, 'R26', 9, '9.1', 4),
(3146, 'R26', 9, '9.2', 3),
(3147, 'R26', 10, '10.1', 3),
(3148, 'R26', 10, '10.2', 4),
(3149, 'R27', 1, '1.1', 4),
(3150, 'R27', 1, '1.2', 4),
(3151, 'R27', 1, '1.3', 4),
(3152, 'R27', 1, '1.4', 4),
(3153, 'R27', 2, '2.1', 5),
(3154, 'R27', 2, '2.2', 5),
(3155, 'R27', 2, '2.3', 5),
(3156, 'R27', 2, '2.4', 5),
(3157, 'R27', 3, '3.1', 5),
(3158, 'R27', 3, '3.2', 5),
(3159, 'R27', 3, '3.3', 5),
(3160, 'R27', 3, '3.4', 5),
(3161, 'R27', 4, '4.1', 5),
(3162, 'R27', 4, '4.2', 5),
(3163, 'R27', 5, '5.1', 2),
(3164, 'R27', 5, '5.2', 2),
(3165, 'R27', 5, '5.3', 2),
(3166, 'R27', 5, '5.4', 2),
(3167, 'R27', 6, '6.1', 5),
(3168, 'R27', 6, '6.2', 5),
(3169, 'R27', 7, '7.1', 5),
(3170, 'R27', 7, '7.2', 5),
(3171, 'R27', 7, '7.3', 3),
(3172, 'R27', 8, '8.1', 3),
(3173, 'R27', 8, '8.2', 3),
(3174, 'R27', 9, '9.1', 3),
(3175, 'R27', 9, '9.2', 3),
(3176, 'R27', 10, '10.1', 3),
(3177, 'R27', 10, '10.2', 3),
(3178, 'R28', 1, '1.1', 4),
(3179, 'R28', 1, '1.2', 4),
(3180, 'R28', 1, '1.3', 4),
(3181, 'R28', 1, '1.4', 4),
(3182, 'R28', 2, '2.1', 4),
(3183, 'R28', 2, '2.2', 4),
(3184, 'R28', 2, '2.3', 4),
(3185, 'R28', 2, '2.4', 5),
(3186, 'R28', 3, '3.1', 4),
(3187, 'R28', 3, '3.2', 5),
(3188, 'R28', 3, '3.3', 5),
(3189, 'R28', 3, '3.4', 5),
(3190, 'R28', 4, '4.1', 4),
(3191, 'R28', 4, '4.2', 4),
(3192, 'R28', 5, '5.1', 3),
(3193, 'R28', 5, '5.2', 3),
(3194, 'R28', 5, '5.3', 4),
(3195, 'R28', 5, '5.4', 3),
(3196, 'R28', 6, '6.1', 4),
(3197, 'R28', 6, '6.2', 5),
(3198, 'R28', 7, '7.1', 5),
(3199, 'R28', 7, '7.2', 5),
(3200, 'R28', 7, '7.3', 4),
(3201, 'R28', 8, '8.1', 3),
(3202, 'R28', 8, '8.2', 3),
(3203, 'R28', 9, '9.1', 3),
(3204, 'R28', 9, '9.2', 3),
(3205, 'R28', 10, '10.1', 3),
(3206, 'R28', 10, '10.2', 4),
(3207, 'R29', 1, '1.1', 4),
(3208, 'R29', 1, '1.2', 4),
(3209, 'R29', 1, '1.3', 4),
(3210, 'R29', 1, '1.4', 4),
(3211, 'R29', 2, '2.1', 5),
(3212, 'R29', 2, '2.2', 5),
(3213, 'R29', 2, '2.3', 5),
(3214, 'R29', 2, '2.4', 5),
(3215, 'R29', 3, '3.1', 5),
(3216, 'R29', 3, '3.2', 5),
(3217, 'R29', 3, '3.3', 5),
(3218, 'R29', 3, '3.4', 5),
(3219, 'R29', 4, '4.1', 5),
(3220, 'R29', 4, '4.2', 5),
(3221, 'R29', 5, '5.1', 4),
(3222, 'R29', 5, '5.2', 4),
(3223, 'R29', 5, '5.3', 4),
(3224, 'R29', 5, '5.4', 4),
(3225, 'R29', 6, '6.1', 5),
(3226, 'R29', 6, '6.2', 5),
(3227, 'R29', 7, '7.1', 5),
(3228, 'R29', 7, '7.2', 5),
(3229, 'R29', 7, '7.3', 4),
(3230, 'R29', 8, '8.1', 4),
(3231, 'R29', 8, '8.2', 3),
(3232, 'R29', 9, '9.1', 4),
(3233, 'R29', 9, '9.2', 4),
(3234, 'R29', 10, '10.1', 4),
(3235, 'R29', 10, '10.2', 4),
(3236, 'R30', 1, '1.1', 4),
(3237, 'R30', 1, '1.2', 4),
(3238, 'R30', 1, '1.3', 4),
(3239, 'R30', 1, '1.4', 4),
(3240, 'R30', 2, '2.1', 5),
(3241, 'R30', 2, '2.2', 5),
(3242, 'R30', 2, '2.3', 5),
(3243, 'R30', 2, '2.4', 5),
(3244, 'R30', 3, '3.1', 5),
(3245, 'R30', 3, '3.2', 5),
(3246, 'R30', 3, '3.3', 5),
(3247, 'R30', 3, '3.4', 5),
(3248, 'R30', 4, '4.1', 5),
(3249, 'R30', 4, '4.2', 5),
(3250, 'R30', 5, '5.1', 3),
(3251, 'R30', 5, '5.2', 3),
(3252, 'R30', 5, '5.3', 4),
(3253, 'R30', 5, '5.4', 3),
(3254, 'R30', 6, '6.1', 5),
(3255, 'R30', 6, '6.2', 5),
(3256, 'R30', 7, '7.1', 5),
(3257, 'R30', 7, '7.2', 5),
(3258, 'R30', 7, '7.3', 3),
(3259, 'R30', 8, '8.1', 3),
(3260, 'R30', 8, '8.2', 3),
(3261, 'R30', 9, '9.1', 3),
(3262, 'R30', 9, '9.2', 3),
(3263, 'R30', 10, '10.1', 3),
(3264, 'R30', 10, '10.2', 5),
(3265, 'R31', 1, '1.1', 3),
(3266, 'R31', 1, '1.2', 3),
(3267, 'R31', 1, '1.3', 3),
(3268, 'R31', 1, '1.4', 3),
(3269, 'R31', 2, '2.1', 5),
(3270, 'R31', 2, '2.2', 5),
(3271, 'R31', 2, '2.3', 5),
(3272, 'R31', 2, '2.4', 5),
(3273, 'R31', 3, '3.1', 5),
(3274, 'R31', 3, '3.2', 5),
(3275, 'R31', 3, '3.3', 5),
(3276, 'R31', 3, '3.4', 5),
(3277, 'R31', 4, '4.1', 4),
(3278, 'R31', 4, '4.2', 4),
(3279, 'R31', 5, '5.1', 4),
(3280, 'R31', 5, '5.2', 4),
(3281, 'R31', 5, '5.3', 4),
(3282, 'R31', 5, '5.4', 4),
(3283, 'R31', 6, '6.1', 5),
(3284, 'R31', 6, '6.2', 5),
(3285, 'R31', 7, '7.1', 5),
(3286, 'R31', 7, '7.2', 5),
(3287, 'R31', 7, '7.3', 4),
(3288, 'R31', 8, '8.1', 4),
(3289, 'R31', 8, '8.2', 4),
(3290, 'R31', 9, '9.1', 4),
(3291, 'R31', 9, '9.2', 4),
(3292, 'R31', 10, '10.1', 4),
(3293, 'R31', 10, '10.2', 5),
(3294, 'R32', 1, '1.1', 4),
(3295, 'R32', 1, '1.2', 4),
(3296, 'R32', 1, '1.3', 4),
(3297, 'R32', 1, '1.4', 4),
(3298, 'R32', 2, '2.1', 5),
(3299, 'R32', 2, '2.2', 5),
(3300, 'R32', 2, '2.3', 5),
(3301, 'R32', 2, '2.4', 5),
(3302, 'R32', 3, '3.1', 4),
(3303, 'R32', 3, '3.2', 4),
(3304, 'R32', 3, '3.3', 5),
(3305, 'R32', 3, '3.4', 5),
(3306, 'R32', 4, '4.1', 5),
(3307, 'R32', 4, '4.2', 5),
(3308, 'R32', 5, '5.1', 4),
(3309, 'R32', 5, '5.2', 4),
(3310, 'R32', 5, '5.3', 4),
(3311, 'R32', 5, '5.4', 4),
(3312, 'R32', 6, '6.1', 4),
(3313, 'R32', 6, '6.2', 5),
(3314, 'R32', 7, '7.1', 5),
(3315, 'R32', 7, '7.2', 5),
(3316, 'R32', 7, '7.3', 3),
(3317, 'R32', 8, '8.1', 3),
(3318, 'R32', 8, '8.2', 3),
(3319, 'R32', 9, '9.1', 3),
(3320, 'R32', 9, '9.2', 3),
(3321, 'R32', 10, '10.1', 3),
(3322, 'R32', 10, '10.2', 4),
(3323, 'R33', 1, '1.1', 4),
(3324, 'R33', 1, '1.2', 4),
(3325, 'R33', 1, '1.3', 4),
(3326, 'R33', 1, '1.4', 4),
(3327, 'R33', 2, '2.1', 5),
(3328, 'R33', 2, '2.2', 5),
(3329, 'R33', 2, '2.3', 5),
(3330, 'R33', 2, '2.4', 5),
(3331, 'R33', 3, '3.1', 5),
(3332, 'R33', 3, '3.2', 5),
(3333, 'R33', 3, '3.3', 5),
(3334, 'R33', 3, '3.4', 5),
(3335, 'R33', 4, '4.1', 5),
(3336, 'R33', 4, '4.2', 5),
(3337, 'R33', 5, '5.1', 3),
(3338, 'R33', 5, '5.2', 4),
(3339, 'R33', 5, '5.3', 3),
(3340, 'R33', 5, '5.4', 3),
(3341, 'R33', 6, '6.1', 5),
(3342, 'R33', 6, '6.2', 5),
(3343, 'R33', 7, '7.1', 5),
(3344, 'R33', 7, '7.2', 5),
(3345, 'R33', 7, '7.3', 5),
(3346, 'R33', 8, '8.1', 3),
(3347, 'R33', 8, '8.2', 4),
(3348, 'R33', 9, '9.1', 3),
(3349, 'R33', 9, '9.2', 3),
(3350, 'R33', 10, '10.1', 3),
(3351, 'R33', 10, '10.2', 3),
(3352, 'R34', 1, '1.1', 4),
(3353, 'R34', 1, '1.2', 4),
(3354, 'R34', 1, '1.3', 4),
(3355, 'R34', 1, '1.4', 4),
(3356, 'R34', 2, '2.1', 5),
(3357, 'R34', 2, '2.2', 5),
(3358, 'R34', 2, '2.3', 5),
(3359, 'R34', 2, '2.4', 5),
(3360, 'R34', 3, '3.1', 5),
(3361, 'R34', 3, '3.2', 5),
(3362, 'R34', 3, '3.3', 5),
(3363, 'R34', 3, '3.4', 5),
(3364, 'R34', 4, '4.1', 5),
(3365, 'R34', 4, '4.2', 5),
(3366, 'R34', 5, '5.1', 4),
(3367, 'R34', 5, '5.2', 4),
(3368, 'R34', 5, '5.3', 4),
(3369, 'R34', 5, '5.4', 4),
(3370, 'R34', 6, '6.1', 5),
(3371, 'R34', 6, '6.2', 5),
(3372, 'R34', 7, '7.1', 5),
(3373, 'R34', 7, '7.2', 5),
(3374, 'R34', 7, '7.3', 4),
(3375, 'R34', 8, '8.1', 4),
(3376, 'R34', 8, '8.2', 4),
(3377, 'R34', 9, '9.1', 4),
(3378, 'R34', 9, '9.2', 4),
(3379, 'R34', 10, '10.1', 4),
(3380, 'R34', 10, '10.2', 4),
(3381, 'R35', 1, '1.1', 4),
(3382, 'R35', 1, '1.2', 4),
(3383, 'R35', 1, '1.3', 4),
(3384, 'R35', 1, '1.4', 4),
(3385, 'R35', 2, '2.1', 5),
(3386, 'R35', 2, '2.2', 5),
(3387, 'R35', 2, '2.3', 5),
(3388, 'R35', 2, '2.4', 5),
(3389, 'R35', 3, '3.1', 5),
(3390, 'R35', 3, '3.2', 4),
(3391, 'R35', 3, '3.3', 5),
(3392, 'R35', 3, '3.4', 5),
(3393, 'R35', 4, '4.1', 5),
(3394, 'R35', 4, '4.2', 5),
(3395, 'R35', 5, '5.1', 4),
(3396, 'R35', 5, '5.2', 4),
(3397, 'R35', 5, '5.3', 4),
(3398, 'R35', 5, '5.4', 4),
(3399, 'R35', 6, '6.1', 5),
(3400, 'R35', 6, '6.2', 5),
(3401, 'R35', 7, '7.1', 5),
(3402, 'R35', 7, '7.2', 5),
(3403, 'R35', 7, '7.3', 4),
(3404, 'R35', 8, '8.1', 4),
(3405, 'R35', 8, '8.2', 3),
(3406, 'R35', 9, '9.1', 3),
(3407, 'R35', 9, '9.2', 3),
(3408, 'R35', 10, '10.1', 3),
(3409, 'R35', 10, '10.2', 3),
(3410, 'R36', 1, '1.1', 4),
(3411, 'R36', 1, '1.2', 4),
(3412, 'R36', 1, '1.3', 4),
(3413, 'R36', 1, '1.4', 4),
(3414, 'R36', 2, '2.1', 5),
(3415, 'R36', 2, '2.2', 5),
(3416, 'R36', 2, '2.3', 5),
(3417, 'R36', 2, '2.4', 5),
(3418, 'R36', 3, '3.1', 5),
(3419, 'R36', 3, '3.2', 4),
(3420, 'R36', 3, '3.3', 5),
(3421, 'R36', 3, '3.4', 5),
(3422, 'R36', 4, '4.1', 5),
(3423, 'R36', 4, '4.2', 5),
(3424, 'R36', 5, '5.1', 4),
(3425, 'R36', 5, '5.2', 4),
(3426, 'R36', 5, '5.3', 4),
(3427, 'R36', 5, '5.4', 4),
(3428, 'R36', 6, '6.1', 5),
(3429, 'R36', 6, '6.2', 5),
(3430, 'R36', 7, '7.1', 5),
(3431, 'R36', 7, '7.2', 5),
(3432, 'R36', 7, '7.3', 4),
(3433, 'R36', 8, '8.1', 4),
(3434, 'R36', 8, '8.2', 3),
(3435, 'R36', 9, '9.1', 3),
(3436, 'R36', 9, '9.2', 3),
(3437, 'R36', 10, '10.1', 3),
(3438, 'R36', 10, '10.2', 3);

--
-- Indexes for dumped tables
--

--
-- Indexes for table `admin`
--
ALTER TABLE `admin`
 ADD PRIMARY KEY (`id_admin`);

--
-- Indexes for table `alternatif`
--
ALTER TABLE `alternatif`
 ADD PRIMARY KEY (`id_alternatif`), ADD KEY `id_alternatif` (`id_alternatif`), ADD KEY `id_alternatif_2` (`id_alternatif`);

--
-- Indexes for table `alternatif_kriteria`
--
ALTER TABLE `alternatif_kriteria`
 ADD PRIMARY KEY (`id_alternatif_kriteria`);

--
-- Indexes for table `cluster`
--
ALTER TABLE `cluster`
 ADD PRIMARY KEY (`id_cluster`);

--
-- Indexes for table `kriteria`
--
ALTER TABLE `kriteria`
 ADD PRIMARY KEY (`id_kriteria`), ADD KEY `id_kriteria` (`id_kriteria`);

--
-- Indexes for table `log_activity`
--
ALTER TABLE `log_activity`
 ADD PRIMARY KEY (`id`);

--
-- Indexes for table `nilaikriteria`
--
ALTER TABLE `nilaikriteria`
 ADD PRIMARY KEY (`id`);

--
-- AUTO_INCREMENT for dumped tables
--

--
-- AUTO_INCREMENT for table `admin`
--
ALTER TABLE `admin`
MODIFY `id_admin` int(11) NOT NULL AUTO_INCREMENT,AUTO_INCREMENT=2;
--
-- AUTO_INCREMENT for table `alternatif`
--
ALTER TABLE `alternatif`
MODIFY `id_alternatif` int(11) NOT NULL AUTO_INCREMENT,AUTO_INCREMENT=7;
--
-- AUTO_INCREMENT for table `alternatif_kriteria`
--
ALTER TABLE `alternatif_kriteria`
MODIFY `id_alternatif_kriteria` int(11) NOT NULL AUTO_INCREMENT,AUTO_INCREMENT=79;
--
-- AUTO_INCREMENT for table `cluster`
--
ALTER TABLE `cluster`
MODIFY `id_cluster` int(11) NOT NULL AUTO_INCREMENT,AUTO_INCREMENT=11;
--
-- AUTO_INCREMENT for table `kriteria`
--
ALTER TABLE `kriteria`
MODIFY `id_kriteria` int(11) NOT NULL AUTO_INCREMENT,AUTO_INCREMENT=11;
--
-- AUTO_INCREMENT for table `log_activity`
--
ALTER TABLE `log_activity`
MODIFY `id` int(11) NOT NULL AUTO_INCREMENT,AUTO_INCREMENT=25;
--
-- AUTO_INCREMENT for table `nilaikriteria`
--
ALTER TABLE `nilaikriteria`
MODIFY `id` int(11) NOT NULL AUTO_INCREMENT,AUTO_INCREMENT=3439;
/*!40101 SET CHARACTER_SET_CLIENT=@OLD_CHARACTER_SET_CLIENT */;
/*!40101 SET CHARACTER_SET_RESULTS=@OLD_CHARACTER_SET_RESULTS */;
/*!40101 SET COLLATION_CONNECTION=@OLD_COLLATION_CONNECTION */;
